Stachel	Ort	BildName	Zitat	Eckpunkte_yxmin_yx_max	png_name	angle_deg				
	Plansche Weydemeyerstr	anonym_DSC05200.jpg	ältere Bewohner weggezogen, aber schon seit 1980							
	Plansche Weydemeyerstr	anonym_DSC05200.jpg	ca 5 x dort gewesen ca 90 Minuten							
	Plansche Weydemeyerstr	anonym_DSC05200.jpg	deutlich mehr junge Familien							
	Plansche Weydemeyerstr	anonym_DSC05200.jpg	Die Nichte war so temperamentvoll							
	Plansche Weydemeyerstr	anonym_DSC05200.jpg	habe keinen Lieblingsort							
	Plansche Weydemeyerstr	anonym_DSC05200.jpg	mir gefällte die Art und Weise, wie das gebaut ist							
	Plansche Weydemeyerstr	anonym_DSC05200.jpg	Nutzung seit 1960-1980							
	Plansche Weydemeyerstr	anonym_DSC05200.jpg	Sprudelt nur zu bestimmten Zeiten, bei bestimmten Temperaturen							
	Plansche Weydemeyerstr	anonym_DSC05200.jpg	Struktur ist geblieben							
	Plansche Weydemeyerstr	anonym_DSC05200.jpg	Vergleich Plansche Singerstr "Hat sich nicht viel verändert"							
	Plansche Weydemeyerstr	anonym_DSC05200.jpg	völlig andere Gegend jetzt							
	Plansche Weydemeyerstr	anonym_DSC05200.jpg	war toll							
7	Plansche Singerstrasse	ClaudiaN_DSC05222.jpg	“Der Ort war für kleine Kinder gemacht”, aber wir nutzten ihn später bei schönem Wetter zum “Treffen, Spielen, Flirten, Knutschen.							
7	Plansche Singerstrasse	ClaudiaN_DSC05222.jpg	“man hat sich getroffen”,							
7	Plansche Singerstrasse	ClaudiaN_DSC05222.jpg	“Tolle Dusche, das war so ein Peitschendings … so ein Riesenarm” War ein Metallbogen, aus dem das Wasser auf die Kinder niederregnete (höher als Heute).							
7	Plansche Singerstrasse	ClaudiaN_DSC05222.jpg	Die Aufregung um Keime ist übertrieben.							
7	Plansche Singerstrasse	ClaudiaN_DSC05222.jpg	Die Ernst Wildnagel Schule hatte eine erweiterte Russischbildung, es waren einige priviligierte Kinder (Nomenklatura) aber auch Kinder aus der Umgebung (wie ich)							
7	Plansche Singerstrasse	ClaudiaN_DSC05222.jpg	Die Schule (Ernst Wildangel Schule) hat uns dort während des Unterrichts nicht hingehen lassen, (hatte Aufsichtspflicht) aber irgendwann fanden wir Wege, uns doch dorthin zu schleichen.							
7	Plansche Singerstrasse	ClaudiaN_DSC05222.jpg	Jahrelang ein Kampf um den Erhalt der Plansche (wie in der Weydemeyerstrasse).							
7	Plansche Singerstrasse	ClaudiaN_DSC05222.jpg	Nutzung 1964 - 1972, jeden Tag bei schönem Wetter							
7	Plansche Singerstrasse	ClaudiaN_DSC05222.jpg	Ober- und unterhalb der KMA jeweils eigene Nachbarschaften.							
7	Plansche Singerstrasse	ClaudiaN_DSC05222.jpg	Plansche “War unser Ort”.							
7	Plansche Singerstrasse	ClaudiaN_DSC05222.jpg	Spielen, Treffen							
7	Plansche Singerstrasse	ClaudiaN_DSC05222.jpg	Wasser lief ab, blieb aber ca 20 cm hoch stehen.							
	Plansche Weydemeyerstr	DieterJacob_DSC05194.jpg	Atmo war entspannt							
	Plansche Weydemeyerstr	DieterJacob_DSC05194.jpg	Die Enkel haben dort Freundschaften geschlossen							
	Plansche Weydemeyerstr	DieterJacob_DSC05194.jpg	Ein Aufenthalt war ca. 3 Stunden, am Wochenende der ganze Nachmittag							
	Plansche Weydemeyerstr	DieterJacob_DSC05194.jpg	genug Platz für alle							
	Plansche Weydemeyerstr	DieterJacob_DSC05194.jpg	mit Enkeln							
	Plansche Weydemeyerstr	DieterJacob_DSC05194.jpg	Nutzung 1988 -2006							
	Plansche Weydemeyerstr	DieterJacob_DSC05194.jpg	Rückzugsgebiet mit ganzen Familien							
	Plansche Weydemeyerstr	DieterJacob_DSC05194.jpg	seit 2002 verkommen oder 2006?							
	Plansche Weydemeyerstr	DieterJacob_DSC05194.jpg	viel Stammpublikum, Nachbarschaft							
	Plansche Weydemeyerstr	DieterJacob_DSC05194.jpg	wir brachten Decken mit oder Luftmatrazen							
7	Plansche Singerstrasse	DSC00512.JPG	Andere Kinder nerven							
7	Plansche Singerstrasse	DSC00512.JPG	Ärgerlich: die kleineren Kinder nerven, denn sie ziehen den Abflussstopp immer heraus, sodaß das Wasser sich nicht stauen kann							
7	Plansche Singerstrasse	DSC00512.JPG	Es gibt schöne Bänke.							
7	Plansche Singerstrasse	DSC00512.JPG	Es ist ein bisschen frischer hier							
7	Plansche Singerstrasse	DSC00512.JPG	Es ist langweilig, es gibt ja nur das Wasser							
7	Plansche Singerstrasse	DSC00512.JPG	Es waren leider wenig Bäume in der Nähe							
7	Plansche Singerstrasse	DSC00512.JPG	Friedlich, viele Bäume							
7	Plansche Singerstrasse	DSC00512.JPG	Ist vielleicht interessanter für kleinere Kinder							
7	Plansche Singerstrasse	DSC00512.JPG	Leider kann man hier sonst nicht soviel machen, ist ein Problem, dass so viele alte Leute hier wohnen.							
7	Plansche Singerstrasse	DSC00512.JPG	Schön grün und ruhig							
7	Plansche Singerstrasse	DSC00512.JPG	Tolle Dusche, das war so ein Peitschendings … so ein Riesenarm. War ein Metallbogen, aus dem das Wasser auf die Kinder niederregnete, höher als heute							
7	Plansche Singerstrasse	DSC00512.JPG	Traurig - wenn kleine Kinder hinfallen, dann oft auf den Kopf							
7	Plansche Singerstrasse	DSC00512.JPG	viele Kinder							
7	Plansche Singerstrasse	DSC00512.JPG	Wasser ist in 15 Minuten Intervallen an, dann 10 min Pause.							
7	Plansche Singerstrasse	DSC00512.JPG	Wir gehen nur hin wenn es heiss ist mit der Klasse							
7	Plansche Singerstrasse	DSC00512.JPG	Wir mögen das Wasser							
7	Plansche Singerstrasse	DSC00513.JPG	“Andere Kinder nerven”	1527, 2386, 1494, 2441, 1885, 2660, 1917, 2604	st007_Blob30.png	21.073809				
7	Plansche Singerstrasse	DSC00513.JPG	“Der Ort war für kleine Kinder gemacht”, aber wir nutzten ihn später bei schönem Wetter zum “Treffen, Spielen, Flirten, Knutschen.	4815, 1578, 3846, 2357, 3912, 2442, 4885, 1661	st007_Blob03.png	33.817135				
7	Plansche Singerstrasse	DSC00513.JPG	Es ist ein bisschen frischer hier	2094, 1622, 2040, 1653, 2335, 2166, 2391, 2135	st007_Blob21.png	53.9373				
7	Plansche Singerstrasse	DSC00513.JPG	Es ist langweilig, es gibt ja nur das Wasser	2520, 1269, 2457, 1285, 2646, 2034, 2711, 2018	st007_Blob20.png	70.88772				
7	Plansche Singerstrasse	DSC00513.JPG	Es waren leider wenig Bäume in der Nähe	2407, 1299, 2348, 1316, 2564, 2061, 2625, 2040	st007_Blob18.png	69.06331				
7	Plansche Singerstrasse	DSC00513.JPG	Ist vielleicht interessanter für kleinere Kinder	2818, 1165, 2759, 1170, 2823, 1994, 2889, 1984	st007_Blob32.png	80.92619				
7	Plansche Singerstrasse	DSC00513.JPG	Man hat sich getroffen	1648, 2181, 1610, 2227, 1972, 2511, 2010, 2462	st007_Blob28.png	30.434235				
7	Plansche Singerstrasse	DSC00513.JPG	Nutze selbst auch manchmal die Wasserspiele zum erfrischen	4049, 1145, 3520, 2117, 3576, 2150, 4106, 1177	st007_Blob09.png	58.06041				
7	Plansche Singerstrasse	DSC00513.JPG	Schön grün und ruhig	1527, 2386, 1494, 2441, 1885, 2660, 1917, 2604	st007_Blob30.png	21.073809				
7	Plansche Singerstrasse	DSC00513.JPG	Wir spielen "Schwimmbulle” - wer am längsten im flachen Wasser tauchen kann	5538, 3072, 4173, 3126, 4176, 3190, 5565, 3135	st007_Blob25.png	0.37044168				
7	Plansche Singerstrasse	DSC00513.JPG	Tolle Dusche, das war so ein Peitschendings … so ein Riesenarm. War ein Metallbogen, aus dem das Wasser auf die Kinder niederregnete, höher als heute	5432, 2458, 4122, 2842, 4153, 2946, 5466, 2560	st007_Blob08.png	11.849978				
7	Plansche Singerstrasse	DSC00513.JPG	Traurig - wenn kleine Kinder hinfallen, dann oft auf den Kopf	3718, 1039, 3356, 2046, 3415, 2070, 3779, 1064	st007_Blob12.png	66.69586				
7	Plansche Singerstrasse	DSC00513.JPG	Ärgerlich: “die kleineren Kinder nerven, denn sie ziehen den Abflussstopp immer heraus, sodaß das Wasser sich nicht stauen kann”	5000, 1745, 3932, 2452, 3991, 2544, 5061, 1837	st007_Blob02.png	28.578447				
7	Plansche Singerstrasse	DSC00513.JPG	Atmo: “Lustig”	1481, 3126, 1475, 3193, 1757, 3208, 1761, 3142	st007_Blob41.png	10.110803				
7	Plansche Singerstrasse	DSC00513.JPG	Die Aufregung um Keime ist übertrieben.	2279, 1363, 2221, 1385, 2479, 2092, 2542, 2067	st007_Blob16.png	64.79482				
7	Plansche Singerstrasse	DSC00513.JPG	Die Ernst Wildnagel Schule hatte eine erweiterte Russischbildung, es waren einige priviligierte Kinder (Nomenklatura) aber auch Kinder aus der Umgebung (wie ich)	5316, 2163, 4061, 2681, 4116, 2821, 5382, 2300	st007_Blob05.png	16.088505				
7	Plansche Singerstrasse	DSC00513.JPG	Die Schule (Ernst Wildangel Schule) hat uns dort während des Unterrichts nicht hingehen lassen, (hatte Aufsichtspflicht) aber irgendwann fanden wir Wege, uns doch dorthin zu schleichen.	5515, 2747, 4152, 2959, 4174, 3109, 5542, 2894	st007_Blob11.png	2.6773484				
7	Plansche Singerstrasse	DSC00513.JPG	Es gibt schöne Bänke.	1437, 2608, 1414, 2667, 1821, 2819, 1844, 2761	st007_Blob34.png	12.33114				
7	Plansche Singerstrasse	DSC00513.JPG	Friedlich, viele Bäume	1470, 2496, 1444, 2553, 1850, 2736, 1877, 2680	st007_Blob33.png	16.346546				
7	Plansche Singerstrasse	DSC00513.JPG	Geht mit dem Hund dort spazieren setzt sich ggf, auch kurz hin. Trifft Leute mit anderen Hunden.							
7	Plansche Singerstrasse	DSC00513.JPG	Hier sind sonst auch öfter junge Familien	2138, 1412, 2083, 1438, 2402, 2128, 2462, 2101	st007_Blob14.png	60.24581				
7	Plansche Singerstrasse	DSC00513.JPG	Jahrelang ein Kampf um den Erhalt der Plansche (wie in der Weydemeyerstrasse).	4584, 1381, 3745, 2259, 3822, 2335, 4662, 1455	st007_Blob04.png	41.243378				
7	Plansche Singerstrasse	DSC00513.JPG	Leider kann man hier sonst nicht soviel machen, ist ein Problem, dass so viele alte Leute hier wohnen.	5207, 1934, 3999, 2575, 4048, 2670, 5258, 2031	st007_Blob01.png	23.368639				
7	Plansche Singerstrasse	DSC00513.JPG	Manchmal treffe ich andere Hundehalter ( Nachbarn)	3382, 1073, 3185, 2002, 3246, 2019, 3443, 1089	st007_Blob15.png	74.220505				
7	Plansche Singerstrasse	DSC00513.JPG	Wir mögen das Wasser	1710, 2096, 1669, 2142, 2021, 2446, 2062, 2400	st007_Blob27.png	33.28444				
7	Plansche Singerstrasse	DSC00513.JPG	Nutzung 1964 - 1972, jeden Tag bei schönem Wetter	2655, 1215, 2596, 1226, 2739, 2011, 2803, 1994	st007_Blob24.png	74.91546				
7	Plansche Singerstrasse	DSC00513.JPG	Nutzung seit 2016, zwei bis drei Stunden, bis die Sonne untergeht	3557, 994, 3270, 2018, 3335, 2041, 3621, 1012	st007_Blob13.png	70.765785				
7	Plansche Singerstrasse	DSC00513.JPG	Ober- und unterhalb der KMA jeweils eigene Nachbarschaften.	3890, 1065, 3440, 2078, 3499, 2107, 3951, 1093	st007_Blob10.png	62.58054				
7	Plansche Singerstrasse	DSC00513.JPG	DIe Plansche war unser Ort	1820, 1890, 1773, 1934, 2137, 2328, 2184, 2283	st007_Blob23.png	40.336197				
7	Plansche Singerstrasse	DSC00513.JPG	Wir spielen Federball, Fußball, Wasserschlachten	3070, 1101, 3006, 1981, 3068, 1992, 3133, 1108	st007_Blob31.png	81.72294				
7	Plansche Singerstrasse	DSC00513.JPG	Spielen, Treffen	1466, 2820, 1449, 2880, 1781, 2971, 1798, 2910	st007_Blob37.png	4.913061				
7	Plansche Singerstrasse	DSC00513.JPG	Wir gehen nur hin wenn es heiss ist mit der Klasse	3241, 1072, 3099, 1990, 3160, 2003, 3302, 1084	st007_Blob22.png	77.37079				
7	Plansche Singerstrasse	DSC00513.JPG	Verabredung oft über Telefon.	1885, 1775, 1834, 1818, 2198, 2266, 2250, 2224	st007_Blob19.png	44.303				
7	Plansche Singerstrasse	DSC00513.JPG	viele Kinder	1492, 3029, 1485, 3086, 1758, 3123, 1770, 3070	st007_Blob40.png	3.213232				
7	Plansche Singerstrasse	DSC00513.JPG	Wasser ist in 15 Minuten Intervallen an, dann 10 min Pause.	4210, 1193, 3605, 2156, 3656, 2192, 4266, 1228	st007_Blob07.png	54.538315				
7	Plansche Singerstrasse	DSC00513.JPG	Wasser lief ab, blieb aber ca 20 cm hoch stehen.	2918, 1107, 2907, 1973, 2908, 1986, 2980, 1211	st007_Blob35.png	84.52773				
7	Plansche Singerstrasse	DSC00513.JPG	wasserbombenschlacht	1777, 1999, 1731, 2044, 2076, 2382, 2123, 2334	st007_Blob26.png	36.493885				
7	Plansche Singerstrasse	DSC00513.JPG	wenn es heiss ist	1477, 2733, 1461, 2781, 1799, 2892, 1816, 2843	st007_Blob36.png	9.906669				
7	Plansche Singerstrasse	DSC00513.JPG	Wir spielen zu zweit Tischtennis.	1986, 1668, 1930, 1704, 2263, 2213, 2318, 2177	st007_Blob17.png	50.638103				
7	Plansche Singerstrasse	DSC00513.JPG	Wir wohnen alle in der Nähe, gehen zur “Gutmunds Grundschule”	4362, 1284, 3676, 2205, 3725, 2247, 4417, 1324	st007_Blob06.png	49.933155				
7	Plansche Singerstrasse	DSC00513.JPG	Nutzer*innen	1474, 2933, 1464, 2989, 1768, 3047, 1780, 2992	st007_Blob38.png	0.5439309				
7	Plansche Singerstrasse	DSC00513.JPG	Plansche Singerstrasse	3200, 3350, 2754, 3354, 2755, 3422, 3208, 3417	st007_Blob39.png	7.900284				
7	Plansche Singerstrasse	ElenaNakova_DSC05224.jpg	“Es gibt ja nur das Wasser”							
7	Plansche Singerstrasse	ElenaNakova_DSC05224.jpg	“Es ist ein bisschen frischer hier”.							
7	Plansche Singerstrasse	ElenaNakova_DSC05224.jpg	“Es ist langweilig”							
7	Plansche Singerstrasse	ElenaNakova_DSC05224.jpg	“Ich sitze ein bisschen ca. 5-10 Minuten							
7	Plansche Singerstrasse	ElenaNakova_DSC05224.jpg	“Ist vielleicht interessanter für kleinere Kinder”							
7	Plansche Singerstrasse	ElenaNakova_DSC05224.jpg	“Nutze selbst auch manchmal die Wasserspiele zum erfrischen.”							
7	Plansche Singerstrasse	ElenaNakova_DSC05224.jpg	“Schön grün und ruhig”							
7	Plansche Singerstrasse	ElenaNakova_DSC05224.jpg	Es gibt schöne Bänke.							
7	Plansche Singerstrasse	ElenaNakova_DSC05224.jpg	Friedlich, viele Bäume							
7	Plansche Singerstrasse	ElenaNakova_DSC05224.jpg	Geht mit dem Hund dort spazieren setzt sich ggf, auch kurz hin. Trifft Leute mit anderen Hunden.							
7	Plansche Singerstrasse	ElenaNakova_DSC05224.jpg	Geist Nachbarschaft/Schule							
7	Plansche Singerstrasse	ElenaNakova_DSC05224.jpg	Manchmal treffe ich andere Hundehalter ( Nachbarn)							
7	Plansche Singerstrasse	ElenaNakova_DSC05224.jpg	Morgens gegen 10:00 Abends gegen 21:00							
7	Plansche Singerstrasse	ElenaNakova_DSC05224.jpg	seit ca 3 Jahren (2016) , fast jeden Tag							
7	Plansche Singerstrasse	ElenaNakova_DSC05224.jpg	Tochter Jana: “gehen nur hin wenn es heiss ist mit der Klasse.							
7	Plansche Singerstrasse	FabianAileen_DSC05217.jpg	ca 2-3 h bis die Sonne untergeht							
7	Plansche Singerstrasse	FabianAileen_DSC05217.jpg	Hier sind sonst auch öfter junge Familien							
7	Plansche Singerstrasse	FabianAileen_DSC05217.jpg	Leider kann man hier sonst nicht soviel machen, ist ein Problem, dass so viele alte Leute hier wohnen.							
7	Plansche Singerstrasse	FabianAileen_DSC05217.jpg	Nutzung seit 2016							
7	Plansche Singerstrasse	FabianAileen_DSC05217.jpg	Wir spielen zu zweit Tischtennis.							
	Plansche Weydemeyerstr	FamStern_DSC05201.jpg	“Kinder haben viel Spaß, man kann Kinder laufen lassen und sich unterhalten, man muss sich keine Sorgen machen”							
	Plansche Weydemeyerstr	FamStern_DSC05201.jpg	“Nachbarn nett, aber alleinstehende Nachbarn neidisch ev. auf Kinder”							
	Plansche Weydemeyerstr	FamStern_DSC05201.jpg	2-3 x wöchentlich							
	Plansche Weydemeyerstr	FamStern_DSC05201.jpg	Aus dem West-Teil hergezogen							
	Plansche Weydemeyerstr	FamStern_DSC05201.jpg	Die Geräte sind noch so neu und unabgenutzt							
	Plansche Weydemeyerstr	FamStern_DSC05201.jpg	Kinder haben viel Spaß, man kann Kinder laufen lassen und sich unterhalten, man muss sich keine Sorgen machen							
	Plansche Weydemeyerstr	FamStern_DSC05201.jpg	mit Kindern v. 1-6 J.							
	Plansche Weydemeyerstr	FamStern_DSC05201.jpg	Nutzung seit ca 2018							
	Plansche Weydemeyerstr	FamStern_DSC05201.jpg	versuchen Freunde zum Nachzug zu motivieren							
	Plansche Weydemeyerstr	FamStern_DSC05201.jpg	Vor einem Jahr zufällig entdeckt							
	Plansche Weydemeyerstr	FamStern_DSC05201.jpg	wenns Schnee gäbe auch im Winter							
	Plansche Weydemeyerstr	FamStern_DSC05201.jpg	Zum ersten Mal im Osten wohnend							
	Plansche Weydemeyerstr	Historisch_DSC05209.jpg	ältere Bewohner weggezogen, aber schon seit 1980							
	Plansche Weydemeyerstr	Historisch_DSC05209.jpg	Aus dem West-Teil hergezogen							
	Plansche Weydemeyerstr	Historisch_DSC05209.jpg	Struktur ist geblieben							
	Plansche Weydemeyerstr	Historisch_DSC05209.jpg	Vergleich Plansche Singerstr "Hat sich nicht viel verändert"							
	Plansche Weydemeyerstr	Historisch_DSC05209.jpg	versuchen Freunde zum Nachzug zu motivieren							
	Plansche Weydemeyerstr	Historisch_DSC05209.jpg	völlig andere Gegend jetzt							
	Plansche Weydemeyerstr	Historisch_DSC05209.jpg	Vor einem Jahr zufällig entdeckt							
	Plansche Weydemeyerstr	Historisch_DSC05209.jpg	Zum ersten Mal im Osten wohnend							
7	Plansche Singerstrasse	Historisch_DSC05235.jpg	“Der Ort war für kleine Kinder gemacht”, aber wir nutzten ihn später bei schönem Wetter zum “Treffen, Spielen, Flirten, Knutschen.							
7	Plansche Singerstrasse	Historisch_DSC05235.jpg	Die Aufregung um Keime ist übertrieben.							
7	Plansche Singerstrasse	Historisch_DSC05235.jpg	Die Ernst Wildnagel Schule hatte eine erweiterte Russischbildung, es waren einige priviligierte Kinder (Nomenklatura) aber auch Kinder aus der Umgebung (wie ich)							
7	Plansche Singerstrasse	Historisch_DSC05235.jpg	Die Schule (Ernst Wildangel Schule) hat uns dort während des Unterrichts nicht hingehen lassen, (hatte Aufsichtspflicht) aber irgendwann fanden wir Wege, uns doch dorthin zu schleichen.							
7	Plansche Singerstrasse	Historisch_DSC05235.jpg	Jahrelang ein Kampf um den Erhalt der Plansche (wie in der Weydemeyerstrasse).							
7	Plansche Singerstrasse	Historisch_DSC05235.jpg	Ober- und unterhalb der KMA jeweils eigene Nachbarschaften.							
7	Plansche Singerstrasse	Historisch_DSC05235.jpg	Plansche “War unser Ort”.							
7	Plansche Singerstrasse	Historisch_DSC05235.jpg	Wasser lief ab, blieb aber ca 20 cm hoch stehen.							
7	Plansche Singerstrasse	MeikÖmerErik_DSC05214.jpg	wasserbombenschlacht							
7	Plansche Singerstrasse	MeikÖmerErik_DSC05214.jpg	wenn es heiss ist							
	Plansche Weydemeyerstr	Name_DSC05203.jpg	Anonym							
	Plansche Weydemeyerstr	Name_DSC05203.jpg	Dieter Jacob							
	Plansche Weydemeyerstr	Name_DSC05203.jpg	Familie Stern							
7	Plansche Singerstrasse	Name_DSC05225.jpg	Claudia N.							
7	Plansche Singerstrasse	Name_DSC05225.jpg	Elena Nakova							
7	Plansche Singerstrasse	Name_DSC05225.jpg	Fabian, Aileen							
7	Plansche Singerstrasse	Name_DSC05225.jpg	Meik, Ömer, Erik							
7	Plansche Singerstrasse	Name_DSC05225.jpg	Tochter Jana							
7	Plansche Singerstrasse	Name_DSC05225.jpg	Wurst, Wurst, Ketchup							
	Plansche Weydemeyerstr	Nutzer_DCS05208.jpg	Die Enkel haben dort Freundschaften geschlossen							
	Plansche Weydemeyerstr	Nutzer_DSC05208.jpg	“Nachbarn nett, aber alleinstehende Nachbarn neidisch ev. auf Kinder”							
	Plansche Weydemeyerstr	Nutzer_DSC05208.jpg	deutlich mehr junge Familien							
	Plansche Weydemeyerstr	Nutzer_DSC05208.jpg	mit Enkeln							
	Plansche Weydemeyerstr	Nutzer_DSC05208.jpg	mit Kindern v. 1-6 J.							
	Plansche Weydemeyerstr	Nutzer_DSC05208.jpg	viel Stammpublikum, Nachbarschaft							
7	Plansche Singerstrasse	Nutzung_DCS05232.jpg	“Der Ort war für kleine Kinder gemacht”, aber wir nutzten ihn später bei schönem Wetter zum “Treffen, Spielen, Flirten, Knutschen.							
7	Plansche Singerstrasse	Nutzung_DCS05232.jpg	“man hat sich getroffen”,							
7	Plansche Singerstrasse	Nutzung_DCS05232.jpg	“Nutze selbst auch manchmal die Wasserspiele zum erfrischen.”							
7	Plansche Singerstrasse	Nutzung_DCS05232.jpg	“Schwimmbulle” (am längsten im flachen Wasser “tauchen”)							
7	Plansche Singerstrasse	Nutzung_DCS05232.jpg	Hier sind sonst auch öfter junge Familien							
7	Plansche Singerstrasse	Nutzung_DCS05232.jpg	Manchmal treffe ich andere Hundehalter ( Nachbarn)							
7	Plansche Singerstrasse	Nutzung_DCS05232.jpg	spielen Federball, Fußball, Wasserschlachten							
7	Plansche Singerstrasse	Nutzung_DCS05232.jpg	Spielen, Treffen							
7	Plansche Singerstrasse	Nutzung_DCS05232.jpg	Verabredung oft über Telefon.							
7	Plansche Singerstrasse	Nutzung_DCS05232.jpg	wasserbombenschlacht							
7	Plansche Singerstrasse	Nutzung_DCS05232.jpg	wenn es heiss ist							
7	Plansche Singerstrasse	Nutzung_DCS05232.jpg	Wir spielen zu zweit Tischtennis.							
7	Plansche Singerstrasse	Nutzung_DCS05232.jpg	Wohnen alle in der Nähe, gehen zur “Gutmunds Grundschule”							
7	Plansche Singerstrasse	PlanscheSingerstrasse_DSC05241.jpg	viele Kinder							
	Plansche Weydemeyerstr	PlanscheWeydemeyer_DSC05212.jpg	“Nachbarn nett, aber alleinstehende Nachbarn neidisch ev. auf Kinder”	5322, 2055, 3816, 2176, 3830, 2278, 5343, 2138	st11_z11.png	1.43				
	Plansche Weydemeyerstr	PlanscheWeydemeyer_DSC05212.jpg	2-3 x wöchentlich	1007, 2156, 989, 2285, 1447, 2466, 1492, 2228	st11_z17.png	0.00				
	Plansche Weydemeyerstr	PlanscheWeydemeyer_DSC05212.jpg	ältere Bewohner weggezogen, aber schon seit 1980	4682, 1138, 3658, 1655, 3709, 1754, 4736, 1235	st11_z05.png	21.29				
	Plansche Weydemeyerstr	PlanscheWeydemeyer_DSC05212.jpg	Atmo war entspannt	991, 1974, 965, 2106, 1478, 2209, 1510, 2074	st11_z19.png	-3.36				
	Plansche Weydemeyerstr	PlanscheWeydemeyer_DSC05212.jpg	Aus dem West-Teil hergezogen		st11_z33.png	0.00				
	Plansche Weydemeyerstr	PlanscheWeydemeyer_DSC05212.jpg	ca 5 x dort gewesen ca 90 Minuten	2868, 361, 2816, 1198, 2920, 1211, 2987, 377	st11_z18.png	78.23				
	Plansche Weydemeyerstr	PlanscheWeydemeyer_DSC05212.jpg	deutlich mehr junge Familien		st11_z32.png	0.00				
	Plansche Weydemeyerstr	PlanscheWeydemeyer_DSC05212.jpg	Die Enkel haben dort Freundschaften geschlossen	4460, 875, 3577, 1544, 3645, 1637, 4540, 964	st11_z03.png	31.06				
	Plansche Weydemeyerstr	PlanscheWeydemeyer_DSC05212.jpg	Die Geräte sind noch so neu und unabgenutzt	4273, 689, 3496, 1460, 3560, 1530, 4338, 760	st11_z04.png	39.74				
	Plansche Weydemeyerstr	PlanscheWeydemeyer_DSC05212.jpg	Die Nichte war so temperamentvoll		st11_z36.png	0.00				
	Plansche Weydemeyerstr	PlanscheWeydemeyer_DSC05212.jpg	Ein Aufenthalt war ca. 3 Stunden, am Wochenende der ganze Nachmittag	5373, 1571, 3766, 1905, 3791, 2026, 5405, 1685	st11_z02.png	7.65				
	Plansche Weydemeyerstr	PlanscheWeydemeyer_DSC05212.jpg	genug Platz für alle		st11_z24.png	0.00				
	Plansche Weydemeyerstr	PlanscheWeydemeyer_DSC05212.jpg	habe keinen Lieblingsort		st11_z30.png	0.00				
	Plansche Weydemeyerstr	PlanscheWeydemeyer_DSC05212.jpg	Kinder haben viel Spaß, man kann Kinder laufen lassen und sich unterhalten, man muss sich keine Sorgen machen	5525, 2272, 3836, 2309, 3847, 2475, 5627, 2425	st11_z09.png	3.71				
	Plansche Weydemeyerstr	PlanscheWeydemeyer_DSC05212.jpg	mir gefällte die Art und Weise, wie das gebaut ist	3690, 354, 3260, 1326, 3342, 1367, 3775, 405	st11_z07.png	60.79				
	Plansche Weydemeyerstr	PlanscheWeydemeyer_DSC05212.jpg	mit Enkeln	1141, 2462, 1138, 2523, 1439, 2587, 1448, 2487	st11_z22.png	6.62				
	Plansche Weydemeyerstr	PlanscheWeydemeyer_DSC05212.jpg	mit Kindern v. 1-6 J.	1272, 1374, 1211, 1467, 1658, 1746, 1725, 1653	st11_z15.png	-19.89				
	Plansche Weydemeyerstr	PlanscheWeydemeyer_DSC05212.jpg	Nutzung seit 1960-1980	1345, 1185, 1278, 1269, 1738, 1644, 1812, 1572	st11_z13.png	-29.57				
	Plansche Weydemeyerstr	PlanscheWeydemeyer_DSC05212.jpg	Rückzugsgebiet mit ganzen Familien		st11_z37.png	0.00				
	Plansche Weydemeyerstr	PlanscheWeydemeyer_DSC05212.jpg	seit 2002 verkommen oder 2006?		st11_z35.png	0.00				
	Plansche Weydemeyerstr	PlanscheWeydemeyer_DSC05212.jpg	Sprudelt nur zu bestimmten Zeiten, bei bestimmten Temperaturen	5118, 1341, 3724, 1768, 3758, 1880, 5150, 1441	st11_z01.png	12.92				
	Plansche Weydemeyerstr	PlanscheWeydemeyer_DSC05212.jpg	Struktur ist geblieben	1170, 1530, 1125, 1623, 1580, 1848, 1636, 1754	st11_z16.png	-14.38				
	Plansche Weydemeyerstr	PlanscheWeydemeyer_DSC05212.jpg	Vergleich Plansche Singerstr "Hat sich nicht viel verändert"	5258, 1835, 3799, 2041, 3815, 2141, 5268, 1959	st11_z08.png	3.19				
	Plansche Weydemeyerstr	PlanscheWeydemeyer_DSC05212.jpg	versuchen Freunde zum Nachzug zu motivieren	3879, 463, 3376, 1375, 3494, 1438, 3992, 528	st11_z06.png	53.97				
	Plansche Weydemeyerstr	PlanscheWeydemeyer_DSC05212.jpg	viel Stammpublikum, Nachbarschaft		st11_z25.png	0.00				
	Plansche Weydemeyerstr	PlanscheWeydemeyer_DSC05212.jpg	völlig andere Gegend jetzt		st11_z31.png	0.00				
	Plansche Weydemeyerstr	PlanscheWeydemeyer_DSC05212.jpg	Vor einem Jahr zufällig entdeckt		st11_z34.png	0.00				
	Plansche Weydemeyerstr	PlanscheWeydemeyer_DSC05212.jpg	war toll	1435, 2597, 1168, 2614, 1173, 2732, 1445, 2713	st11_z23.png	-19.67				
	Plansche Weydemeyerstr	PlanscheWeydemeyer_DSC05212.jpg	wenns Schnee gäbe auch im Winter	3195, 404, 2947, 1234, 3173, 1285, 3317, 431	st11_z12.png	0.00				
	Plansche Weydemeyerstr	PlanscheWeydemeyer_DSC05212.jpg	Weydemeyerstrasse	2857, 2942, 2396, 2952, 2398, 3053, 2889, 3041	st11_z21.png					
	Plansche Weydemeyerstr	PlanscheWeydemeyer_DSC05212.jpg	wir brachten Decken mit oder Luftmatrazen	3459, 332, 3175, 1288, 3255, 1315, 3544, 364	st11_z10.png	68.23				
	Plansche Weydemeyerstr	PlanscheWeydemeyer_DSC05212.jpg	Zum ersten Mal im Osten wohnend	2689, 387, 2684, 388, 2790, 1212, 2793, 1210	st11_z20.png	82.45				
	Plansche Weydemeyerstr	Qualitaet_DSC05207.jpg	Atmo war entspannt							
	Plansche Weydemeyerstr	Qualitaet_DSC05207.jpg	Die Geräte sind noch so neu und unabgenutzt							
	Plansche Weydemeyerstr	Qualitaet_DSC05207.jpg	Die Nichte war so temperamentvoll							
	Plansche Weydemeyerstr	Qualitaet_DSC05207.jpg	genug Platz für alle							
	Plansche Weydemeyerstr	Qualitaet_DSC05207.jpg	Kinder haben viel Spaß, man kann Kinder laufen lassen und sich unterhalten, man muss sich keine Sorgen machen							
	Plansche Weydemeyerstr	Qualitaet_DSC05207.jpg	mir gefällte die Art und Weise, wie das gebaut ist							
	Plansche Weydemeyerstr	Qualitaet_DSC05207.jpg	Rückzugsgebiet mit ganzen Familien							
	Plansche Weydemeyerstr	Qualitaet_DSC05207.jpg	seit 2002 verkommen oder 2006?							
	Plansche Weydemeyerstr	Qualitaet_DSC05207.jpg	Sprudelt nur zu bestimmten Zeiten, bei bestimmten Temperaturen							
	Plansche Weydemeyerstr	Qualitaet_DSC05207.jpg	war toll							
	Plansche Weydemeyerstr	Qualitaet_DSC05207.jpg	wir brachten Decken mit oder Luftmatrazen							
7	Plansche Singerstrasse	Qualitaet_DSC05238.jpg	“Es gibt ja nur das Wasser”							
7	Plansche Singerstrasse	WurstWurstKetchup_DSC05219.jpg	“Andere Kinder nerven”							
7	Plansche Singerstrasse	WurstWurstKetchup_DSC05219.jpg	“Schwimmbulle” (am längsten im flachen Wasser “tauchen”)							
7	Plansche Singerstrasse	WurstWurstKetchup_DSC05219.jpg	“Traurig - wenn kleine Kinder hinfallen, dann oft auf den Kopf.”							
7	Plansche Singerstrasse	WurstWurstKetchup_DSC05219.jpg	Ärgerlich: “die kleineren Kinder nerven, denn sie ziehen den Abflussstopp immer heraus, sodaß das Wasser sich nicht stauen kann”							
7	Plansche Singerstrasse	WurstWurstKetchup_DSC05219.jpg	Atmo: “Lustig”							
7	Plansche Singerstrasse	WurstWurstKetchup_DSC05219.jpg	im Sommer fast jeden Tag nach der Schule für 2 Stunden							
7	Plansche Singerstrasse	WurstWurstKetchup_DSC05219.jpg	Mögen das Wasser							
7	Plansche Singerstrasse	WurstWurstKetchup_DSC05219.jpg	Nutzung seit 2009							
7	Plansche Singerstrasse	WurstWurstKetchup_DSC05219.jpg	spielen Federball, Fußball, Wasserschlachten							
7	Plansche Singerstrasse	WurstWurstKetchup_DSC05219.jpg	Verabredung oft über Telefon.							
7	Plansche Singerstrasse	WurstWurstKetchup_DSC05219.jpg	Wasser ist in 15 Minuten Intervallen an, dann 10 min Pause.							
7	Plansche Singerstrasse	WurstWurstKetchup_DSC05219.jpg	Wohnen alle in der Nähe, gehen zur “Gutmunds Grundschule”							
	Plansche Weydemeyerstr	Zeit_DSC05205.jpg	2-3 x wöchentlich							
	Plansche Weydemeyerstr	Zeit_DSC05205.jpg	ca 5 x dort gewesen ca 90 Minuten							
	Plansche Weydemeyerstr	Zeit_DSC05205.jpg	Ein Aufenthalt war ca. 3 Stunden, am Wochenende der ganze Nachmittag							
	Plansche Weydemeyerstr	Zeit_DSC05205.jpg	Nutzung 1988 -2006							
	Plansche Weydemeyerstr	Zeit_DSC05205.jpg	Nutzung seit 1960-1980							
	Plansche Weydemeyerstr	Zeit_DSC05205.jpg	Nutzung seit ca 2018							
	Plansche Weydemeyerstr	Zeit_DSC05205.jpg	wenns Schnee gäbe auch im Winter							
7	Plansche Singerstrasse	Zeit_DSC05228.jpg	“Ich sitze ein bisschen ca. 5-10 Minuten							
7	Plansche Singerstrasse	Zeit_DSC05228.jpg	ca 2-3 h bis die Sonne untergeht							
7	Plansche Singerstrasse	Zeit_DSC05228.jpg	im Sommer fast jeden Tag nach der Schule für 2 Stunden							
7	Plansche Singerstrasse	Zeit_DSC05228.jpg	Morgens gegen 10:00 Abends gegen 21:00							
7	Plansche Singerstrasse	Zeit_DSC05228.jpg	Nutzung 1964 - 1972, jeden Tag bei schönem Wetter							
7	Plansche Singerstrasse	Zeit_DSC05228.jpg	Nutzung seit 2009							
7	Plansche Singerstrasse	Zeit_DSC05228.jpg	Nutzung seit 2016							
7	Plansche Singerstrasse	Zeit_DSC05228.jpg	seit ca 3 Jahren (2016) , fast jeden Tag							
