Ort	BildName	Zitat	Eckpunkte_yxmin_yx_max	png_name	angle_deg
Plansche Weydemeyerstr	PlanscheWeydemeyer_DSC05212.jpg	"Sprudelt nur zu bestimmten Zeiten, bei bestimmten Temperaturen"		st11_z01.png	12.92
Plansche Weydemeyerstr	PlanscheWeydemeyer_DSC05212.jpg	"Ein Aufenthalt war ca. 3 Stunden, am Wochenende der ganze Nachmittag"		st11_z02.png	7.65
Plansche Weydemeyerstr	PlanscheWeydemeyer_DSC05212.jpg	Die Enkel haben dort Freundschaften geschlossen		st11_z03.png	31.06
Plansche Weydemeyerstr	PlanscheWeydemeyer_DSC05212.jpg	"Die Geräte sind noch so neu und unabgenutzt"		st11_z04.png	39.74
Plansche Weydemeyerstr	PlanscheWeydemeyer_DSC05212.jpg	ältere Bewohner weggezogen, aber schon seit 1980 		st11_z05.png	21.29
Plansche Weydemeyerstr	PlanscheWeydemeyer_DSC05212.jpg	versuchen Freunde zum Nachzug zu motivieren		st11_z06.png	53.97
Plansche Weydemeyerstr	PlanscheWeydemeyer_DSC05212.jpg	"mir gefällte die Art und Weise, wie das gebaut ist"		st11_z07.png	60.79
Plansche Weydemeyerstr	PlanscheWeydemeyer_DSC05212.jpg	Vergleich Plansche Singerstr "Hat sich nicht viel verändert"		st11_z08.png	3.19
Plansche Weydemeyerstr	PlanscheWeydemeyer_DSC05212.jpg	"Kinder haben viel Spaß, man kann Kinder laufen lassen und sich unterhalten, man muss sich keine Sorgen machen"		st11_z09.png	3.71
Plansche Weydemeyerstr	PlanscheWeydemeyer_DSC05212.jpg	"wir brachten Decken mit oder Luftmatrazen"		st11_z10.png	68.23
Plansche Weydemeyerstr	PlanscheWeydemeyer_DSC05212.jpg	“Nachbarn nett, aber alleinstehende Nachbarn neidisch ev. auf Kinder”		st11_z11.png	1.43
Plansche Weydemeyerstr	PlanscheWeydemeyer_DSC05212.jpg	"wenns Schnee gäbe auch im Winter"		st11_z12.png	0.00
Plansche Weydemeyerstr	PlanscheWeydemeyer_DSC05212.jpg	Nutzung seit 1960-1980		st11_z13.png	-29.57
Plansche Weydemeyerstr	PlanscheWeydemeyer_DSC05212.jpg	mit Kindern v. 1-6 J.		st11_z15.png	-19.89
Plansche Weydemeyerstr	PlanscheWeydemeyer_DSC05212.jpg	Struktur ist geblieben		st11_z16.png	-14.38
Plansche Weydemeyerstr	PlanscheWeydemeyer_DSC05212.jpg	2-3 x wöchentlich		st11_z17.png	0.00
Plansche Weydemeyerstr	PlanscheWeydemeyer_DSC05212.jpg	ca 5 x dort gewesen ca 90 Minuten		st11_z18.png	78.23
Plansche Weydemeyerstr	PlanscheWeydemeyer_DSC05212.jpg	"Atmo war entspannt"		st11_z19.png	-3.36
Plansche Weydemeyerstr	PlanscheWeydemeyer_DSC05212.jpg	Zum ersten Mal im Osten wohnend		st11_z20.png	82.45
Plansche Weydemeyerstr	PlanscheWeydemeyer_DSC05212.jpg	Weydemeyerstrasse		st11_z21.png	
Plansche Weydemeyerstr	PlanscheWeydemeyer_DSC05212.jpg	mit Enkeln		st11_z22.png	6.62
Plansche Weydemeyerstr	PlanscheWeydemeyer_DSC05212.jpg	"war toll"		st11_z23.png	-19.67
Plansche Weydemeyerstr	PlanscheWeydemeyer_DSC05212.jpg	genug Platz für alle		st11_z24.png	0.00
Plansche Weydemeyerstr	PlanscheWeydemeyer_DSC05212.jpg	viel Stammpublikum, Nachbarschaft 		st11_z25.png	0.00
Plansche Weydemeyerstr	PlanscheWeydemeyer_DSC05212.jpg	"habe keinen Lieblingsort"		st11_z30.png	0.00
Plansche Weydemeyerstr	PlanscheWeydemeyer_DSC05212.jpg	"völlig andere Gegend jetzt"		st11_z31.png	0.00
Plansche Weydemeyerstr	PlanscheWeydemeyer_DSC05212.jpg	"deutlich mehr junge Familien"		st11_z32.png	0.00
Plansche Weydemeyerstr	PlanscheWeydemeyer_DSC05212.jpg	Aus dem West-Teil hergezogen		st11_z33.png	0.00
Plansche Weydemeyerstr	PlanscheWeydemeyer_DSC05212.jpg	Vor einem Jahr zufällig entdeckt		st11_z34.png	0.00
Plansche Weydemeyerstr	PlanscheWeydemeyer_DSC05212.jpg	"seit 2002 verkommen oder 2006?"		st11_z35.png	0.00
Plansche Weydemeyerstr	PlanscheWeydemeyer_DSC05212.jpg	"Die Nichte war so temperamentvoll"		st11_z36.png	0.00
Plansche Weydemeyerstr	PlanscheWeydemeyer_DSC05212.jpg	Rückzugsgebiet mit ganzen Familien		st11_z37.png	0.00
Plansche Weydemeyerstr	DieterJacob_DSC05194.jpg	"Atmo war entspannt"			
Plansche Weydemeyerstr	Qualitaet_DSC05207.jpg	"Atmo war entspannt"			
Plansche Weydemeyerstr	anonym_DSC05200.jpg	"deutlich mehr junge Familien"			
Plansche Weydemeyerstr	Nutzer_DSC05208.jpg	"deutlich mehr junge Familien"			
Plansche Weydemeyerstr	FamStern_DSC05201.jpg	"Die Geräte sind noch so neu und unabgenutzt"			
Plansche Weydemeyerstr	Qualitaet_DSC05207.jpg	"Die Geräte sind noch so neu und unabgenutzt"			
Plansche Weydemeyerstr	anonym_DSC05200.jpg	"Die Nichte war so temperamentvoll"			
Plansche Weydemeyerstr	Qualitaet_DSC05207.jpg	"Die Nichte war so temperamentvoll"			
Plansche Weydemeyerstr	DieterJacob_DSC05194.jpg	"Ein Aufenthalt war ca. 3 Stunden, am Wochenende der ganze Nachmittag"			
Plansche Weydemeyerstr	Zeit_DSC05205.jpg	"Ein Aufenthalt war ca. 3 Stunden, am Wochenende der ganze Nachmittag"			
Plansche Weydemeyerstr	anonym_DSC05200.jpg	"habe keinen Lieblingsort"			
Plansche Weydemeyerstr	FamStern_DSC05201.jpg	"Kinder haben viel Spaß, man kann Kinder laufen lassen und sich unterhalten, man muss sich keine Sorgen machen"			
Plansche Weydemeyerstr	Qualitaet_DSC05207.jpg	"Kinder haben viel Spaß, man kann Kinder laufen lassen und sich unterhalten, man muss sich keine Sorgen machen"			
Plansche Weydemeyerstr	anonym_DSC05200.jpg	"mir gefällte die Art und Weise, wie das gebaut ist"			
Plansche Weydemeyerstr	Qualitaet_DSC05207.jpg	"mir gefällte die Art und Weise, wie das gebaut ist"			
Plansche Weydemeyerstr	DieterJacob_DSC05194.jpg	"seit 2002 verkommen oder 2006?"			
Plansche Weydemeyerstr	Qualitaet_DSC05207.jpg	"seit 2002 verkommen oder 2006?"			
Plansche Weydemeyerstr	anonym_DSC05200.jpg	"Sprudelt nur zu bestimmten Zeiten, bei bestimmten Temperaturen"			
Plansche Weydemeyerstr	Qualitaet_DSC05207.jpg	"Sprudelt nur zu bestimmten Zeiten, bei bestimmten Temperaturen"			
Plansche Singerstrasse	MeikÖmerErik_DSC05214.jpg 	"viele Kinder"			
Plansche Singerstrasse	PlanscheSingerstrasse_DSC05241.jpg 	"viele Kinder"			
Plansche Singerstrasse	Qualitaet_DSC05238.jpg	"viele Kinder"			
Plansche Weydemeyerstr	anonym_DSC05200.jpg	"völlig andere Gegend jetzt"			
Plansche Weydemeyerstr	Historisch_DSC05209.jpg	"völlig andere Gegend jetzt"			
Plansche Weydemeyerstr	anonym_DSC05200.jpg	"war toll"			
Plansche Weydemeyerstr	Qualitaet_DSC05207.jpg	"war toll"			
Plansche Singerstrasse	MeikÖmerErik_DSC05214.jpg 	"wasserbombenschlacht"			
Plansche Singerstrasse	Nutzung_DCS05232.jpg	"wasserbombenschlacht"			
Plansche Singerstrasse	PlanscheSingerstrasse_DSC05241.jpg 	"wasserbombenschlacht"			
Plansche Singerstrasse	MeikÖmerErik_DSC05214.jpg 	"wenn es heiss ist"			
Plansche Singerstrasse	Nutzung_DCS05232.jpg	"wenn es heiss ist"			
Plansche Singerstrasse	PlanscheSingerstrasse_DSC05241.jpg 	"wenn es heiss ist"			
Plansche Weydemeyerstr	FamStern_DSC05201.jpg	"wenns Schnee gäbe auch im Winter"						
Plansche Weydemeyerstr	Zeit_DSC05205.jpg	"wenns Schnee gäbe auch im Winter"			
Plansche Weydemeyerstr	DieterJacob_DSC05194.jpg	"wir brachten Decken mit oder Luftmatrazen"			
Plansche Weydemeyerstr	Qualitaet_DSC05207.jpg	"wir brachten Decken mit oder Luftmatrazen"			
Plansche Singerstrasse	PlanscheSingerstrasse_DSC05241.jpg 	“Andere Kinder nerven”			
Plansche Singerstrasse	Qualitaet_DSC05238.jpg	“Andere Kinder nerven”			
Plansche Singerstrasse	WurstWurstKetchup_DSC05219.jpg	“Andere Kinder nerven”			
Plansche Singerstrasse	ClaudiaN_DSC05222.jpg	“Der Ort war für kleine Kinder gemacht”, aber wir nutzten ihn später bei schönem Wetter zum “Treffen, Spielen, Flirten, Knutschen.			
Plansche Singerstrasse	Historisch_DSC05235.jpg	“Der Ort war für kleine Kinder gemacht”, aber wir nutzten ihn später bei schönem Wetter zum “Treffen, Spielen, Flirten, Knutschen.			
Plansche Singerstrasse	Nutzung_DCS05232.jpg	“Der Ort war für kleine Kinder gemacht”, aber wir nutzten ihn später bei schönem Wetter zum “Treffen, Spielen, Flirten, Knutschen.			
Plansche Singerstrasse	PlanscheSingerstrasse_DSC05241.jpg 	“Der Ort war für kleine Kinder gemacht”, aber wir nutzten ihn später bei schönem Wetter zum “Treffen, Spielen, Flirten, Knutschen.			
Plansche Singerstrasse	ElenaNakova_DSC05224.jpg	“Es gibt ja nur das Wasser”			
Plansche Singerstrasse	PlanscheSingerstrasse_DSC05241.jpg 	“Es gibt ja nur das Wasser”			
Plansche Singerstrasse	Qualitaet_DSC05238.jpg	“Es gibt ja nur das Wasser”			
Plansche Singerstrasse	ElenaNakova_DSC05224.jpg	“Es ist ein bisschen frischer hier”.			
Plansche Singerstrasse	PlanscheSingerstrasse_DSC05241.jpg 	“Es ist ein bisschen frischer hier”.			
Plansche Singerstrasse	Qualitaet_DSC05238.jpg	“Es ist ein bisschen frischer hier”.			
Plansche Singerstrasse	ElenaNakova_DSC05224.jpg	“Es ist langweilig”			
Plansche Singerstrasse	PlanscheSingerstrasse_DSC05241.jpg 	“Es ist langweilig”			
Plansche Singerstrasse	Qualitaet_DSC05238.jpg	“Es ist langweilig”			
Plansche Singerstrasse	ClaudiaN_DSC05222.jpg	“es waren leider wenig Bäume in der Nähe”			
Plansche Singerstrasse	PlanscheSingerstrasse_DSC05241.jpg 	“es waren leider wenig Bäume in der Nähe”			
Plansche Singerstrasse	Qualitaet_DSC05238.jpg	“es waren leider wenig Bäume in der Nähe”			
Plansche Singerstrasse	ElenaNakova_DSC05224.jpg	“Ich sitze ein bisschen ca. 5-10 Minuten			
Plansche Singerstrasse	PlanscheSingerstrasse_DSC05241.jpg 	“Ich sitze ein bisschen ca. 5-10 Minuten			
Plansche Singerstrasse	Zeit_DSC05228.jpg	“Ich sitze ein bisschen ca. 5-10 Minuten			
Plansche Singerstrasse	ElenaNakova_DSC05224.jpg	“Ist vielleicht interessanter für kleinere Kinder”			
Plansche Singerstrasse	PlanscheSingerstrasse_DSC05241.jpg 	“Ist vielleicht interessanter für kleinere Kinder”			
Plansche Singerstrasse	Qualitaet_DSC05238.jpg	“Ist vielleicht interessanter für kleinere Kinder”			
Plansche Weydemeyerstr	FamStern_DSC05201.jpg	“Kinder haben viel Spaß, man kann Kinder laufen lassen und sich unterhalten, man muss sich keine Sorgen machen”					
Plansche Singerstrasse	ClaudiaN_DSC05222.jpg	“man hat sich getroffen”,			
Plansche Singerstrasse	Nutzung_DCS05232.jpg	“man hat sich getroffen”,			
Plansche Singerstrasse	PlanscheSingerstrasse_DSC05241.jpg 	“man hat sich getroffen”,			
Plansche Weydemeyerstr	FamStern_DSC05201.jpg	“Nachbarn nett, aber alleinstehende Nachbarn neidisch ev. auf Kinder”			
Plansche Weydemeyerstr	Nutzer_DSC05208.jpg	“Nachbarn nett, aber alleinstehende Nachbarn neidisch ev. auf Kinder”			
Plansche Singerstrasse	ElenaNakova_DSC05224.jpg	“Nutze selbst auch manchmal die Wasserspiele zum erfrischen.”			
Plansche Singerstrasse	Nutzung_DCS05232.jpg	“Nutze selbst auch manchmal die Wasserspiele zum erfrischen.”			
Plansche Singerstrasse	PlanscheSingerstrasse_DSC05241.jpg 	“Nutze selbst auch manchmal die Wasserspiele zum erfrischen.”			
Plansche Singerstrasse	ElenaNakova_DSC05224.jpg	“Schön grün und ruhig” 			
Plansche Singerstrasse	PlanscheSingerstrasse_DSC05241.jpg 	“Schön grün und ruhig” 			
Plansche Singerstrasse	Qualitaet_DSC05238.jpg	“Schön grün und ruhig” 			
Plansche Singerstrasse	Nutzung_DCS05232.jpg	“Schwimmbulle” (am längsten im flachen Wasser “tauchen”)			
Plansche Singerstrasse	PlanscheSingerstrasse_DSC05241.jpg 	“Schwimmbulle” (am längsten im flachen Wasser “tauchen”)			
Plansche Singerstrasse	WurstWurstKetchup_DSC05219.jpg	“Schwimmbulle” (am längsten im flachen Wasser “tauchen”)			
Plansche Singerstrasse	ClaudiaN_DSC05222.jpg	“Tolle Dusche, das war so ein Peitschendings … so ein Riesenarm” War ein Metallbogen, aus dem das Wasser auf die Kinder niederregnete (höher als Heute).			
Plansche Singerstrasse	PlanscheSingerstrasse_DSC05241.jpg 	“Tolle Dusche, das war so ein Peitschendings … so ein Riesenarm” War ein Metallbogen, aus dem das Wasser auf die Kinder niederregnete (höher als Heute).			
Plansche Singerstrasse	Qualitaet_DSC05238.jpg	“Tolle Dusche, das war so ein Peitschendings … so ein Riesenarm” War ein Metallbogen, aus dem das Wasser auf die Kinder niederregnete (höher als Heute).			
Plansche Singerstrasse	PlanscheSingerstrasse_DSC05241.jpg 	“Traurig - wenn kleine Kinder hinfallen, dann oft auf den Kopf.”			
Plansche Singerstrasse	Qualitaet_DSC05238.jpg	“Traurig - wenn kleine Kinder hinfallen, dann oft auf den Kopf.”			
Plansche Singerstrasse	WurstWurstKetchup_DSC05219.jpg	“Traurig - wenn kleine Kinder hinfallen, dann oft auf den Kopf.”			
Plansche Weydemeyerstr	FamStern_DSC05201.jpg	2-3 x wöchentlich			
Plansche Weydemeyerstr	Zeit_DSC05205.jpg	2-3 x wöchentlich			
Plansche Weydemeyerstr	anonym_DSC05200.jpg	ältere Bewohner weggezogen, aber schon seit 1980 			
Plansche Weydemeyerstr	Historisch_DSC05209.jpg	ältere Bewohner weggezogen, aber schon seit 1980 			
Plansche Weydemeyerstr	Name_DSC05203.jpg	Anonym 			
Plansche Singerstrasse	PlanscheSingerstrasse_DSC05241.jpg 	Ärgerlich: “die kleineren Kinder nerven, denn sie ziehen den Abflussstopp immer heraus, sodaß das Wasser sich nicht stauen kann”			
Plansche Singerstrasse	Qualitaet_DSC05238.jpg	Ärgerlich: “die kleineren Kinder nerven, denn sie ziehen den Abflussstopp immer heraus, sodaß das Wasser sich nicht stauen kann”			
Plansche Singerstrasse	WurstWurstKetchup_DSC05219.jpg	Ärgerlich: “die kleineren Kinder nerven, denn sie ziehen den Abflussstopp immer heraus, sodaß das Wasser sich nicht stauen kann”			
Plansche Singerstrasse	PlanscheSingerstrasse_DSC05241.jpg 	Atmo: “Lustig”			
Plansche Singerstrasse	Qualitaet_DSC05238.jpg	Atmo: “Lustig”			
Plansche Singerstrasse	WurstWurstKetchup_DSC05219.jpg	Atmo: “Lustig”			
Plansche Weydemeyerstr	FamStern_DSC05201.jpg	Aus dem West-Teil hergezogen			
Plansche Weydemeyerstr	Historisch_DSC05209.jpg	Aus dem West-Teil hergezogen			
Plansche Singerstrasse	FabianAileen_DSC05217.jpg	ca 2-3 h bis die Sonne untergeht			
Plansche Singerstrasse	PlanscheSingerstrasse_DSC05241.jpg 	ca 2-3 h bis die Sonne untergeht			
Plansche Singerstrasse	Zeit_DSC05228.jpg	ca 2-3 h bis die Sonne untergeht			
Plansche Weydemeyerstr	anonym_DSC05200.jpg	ca 5 x dort gewesen ca 90 Minuten			
Plansche Weydemeyerstr	Zeit_DSC05205.jpg	ca 5 x dort gewesen ca 90 Minuten			
Plansche Singerstrasse	Name_DSC05225.jpg	Claudia N.			
Plansche Singerstrasse	ClaudiaN_DSC05222.jpg	Die Aufregung um Keime ist übertrieben.			
Plansche Singerstrasse	Historisch_DSC05235.jpg	Die Aufregung um Keime ist übertrieben.			
Plansche Singerstrasse	PlanscheSingerstrasse_DSC05241.jpg 	Die Aufregung um Keime ist übertrieben.			
Plansche Weydemeyerstr	DieterJacob_DSC05194.jpg	Die Enkel haben dort Freundschaften geschlossen			
Plansche Weydemeyerstr	Nutzer_DCS05208.jpg	Die Enkel haben dort Freundschaften geschlossen			
Plansche Singerstrasse	ClaudiaN_DSC05222.jpg	Die Ernst Wildnagel Schule hatte eine erweiterte Russischbildung, es waren einige priviligierte Kinder (Nomenklatura) aber auch Kinder aus der Umgebung (wie ich)			
Plansche Singerstrasse	Historisch_DSC05235.jpg	Die Ernst Wildnagel Schule hatte eine erweiterte Russischbildung, es waren einige priviligierte Kinder (Nomenklatura) aber auch Kinder aus der Umgebung (wie ich)			
Plansche Singerstrasse	PlanscheSingerstrasse_DSC05241.jpg 	Die Ernst Wildnagel Schule hatte eine erweiterte Russischbildung, es waren einige priviligierte Kinder (Nomenklatura) aber auch Kinder aus der Umgebung (wie ich)			
Plansche Singerstrasse	ClaudiaN_DSC05222.jpg	Die Schule (Ernst Wildangel Schule) hat uns dort während des Unterrichts nicht hingehen lassen, (hatte Aufsichtspflicht) aber irgendwann fanden wir Wege, uns doch dorthin zu schleichen.			
Plansche Singerstrasse	Historisch_DSC05235.jpg	Die Schule (Ernst Wildangel Schule) hat uns dort während des Unterrichts nicht hingehen lassen, (hatte Aufsichtspflicht) aber irgendwann fanden wir Wege, uns doch dorthin zu schleichen.			
Plansche Singerstrasse	PlanscheSingerstrasse_DSC05241.jpg 	Die Schule (Ernst Wildangel Schule) hat uns dort während des Unterrichts nicht hingehen lassen, (hatte Aufsichtspflicht) aber irgendwann fanden wir Wege, uns doch dorthin zu schleichen.			
Plansche Weydemeyerstr	Name_DSC05203.jpg	Dieter Jacob			
Plansche Singerstrasse	Name_DSC05225.jpg	Elena Nakova			
Plansche Singerstrasse	ElenaNakova_DSC05224.jpg	Es gibt schöne Bänke. 			
Plansche Singerstrasse	PlanscheSingerstrasse_DSC05241.jpg 	Es gibt schöne Bänke. 			
Plansche Singerstrasse	Qualitaet_DSC05238.jpg	Es gibt schöne Bänke. 			
Plansche Singerstrasse	Name_DSC05225.jpg	Fabian, Aileen			
Plansche Weydemeyerstr	Name_DSC05203.jpg	Familie Stern			
Plansche Singerstrasse	ElenaNakova_DSC05224.jpg	Friedlich, viele Bäume			
Plansche Singerstrasse	PlanscheSingerstrasse_DSC05241.jpg 	Friedlich, viele Bäume			
Plansche Singerstrasse	Qualitaet_DSC05238.jpg	Friedlich, viele Bäume			
Plansche Singerstrasse	ElenaNakova_DSC05224.jpg	Geht mit dem Hund dort spazieren setzt sich ggf, auch kurz hin. Trifft Leute mit anderen Hunden.			
Plansche Singerstrasse	PlanscheSingerstrasse_DSC05241.jpg 	Geht mit dem Hund dort spazieren setzt sich ggf, auch kurz hin. Trifft Leute mit anderen Hunden.			
Plansche Singerstrasse	ElenaNakova_DSC05224.jpg	Geist Nachbarschaft/Schule			
Plansche Singerstrasse	PlanscheSingerstrasse_DSC05241.jpg 	Geist Nachbarschaft/Schule			
Plansche Weydemeyerstr	DieterJacob_DSC05194.jpg	genug Platz für alle			
Plansche Weydemeyerstr	Qualitaet_DSC05207.jpg	genug Platz für alle			
Plansche Singerstrasse	FabianAileen_DSC05217.jpg	Hier sind sonst auch öfter junge Familien			
Plansche Singerstrasse	Nutzung_DCS05232.jpg	Hier sind sonst auch öfter junge Familien			
Plansche Singerstrasse	PlanscheSingerstrasse_DSC05241.jpg 	Hier sind sonst auch öfter junge Familien			
Plansche Singerstrasse	PlanscheSingerstrasse_DSC05241.jpg 	im Sommer fast jeden Tag nach der Schule für 2 Stunden			
Plansche Singerstrasse	WurstWurstKetchup_DSC05219.jpg	im Sommer fast jeden Tag nach der Schule für 2 Stunden			
Plansche Singerstrasse	Zeit_DSC05228.jpg	im Sommer fast jeden Tag nach der Schule für 2 Stunden			
Plansche Singerstrasse	ClaudiaN_DSC05222.jpg	Jahrelang ein Kampf um den Erhalt der Plansche (wie in der Weydemeyerstrasse).			
Plansche Singerstrasse	Historisch_DSC05235.jpg	Jahrelang ein Kampf um den Erhalt der Plansche (wie in der Weydemeyerstrasse).			
Plansche Singerstrasse	PlanscheSingerstrasse_DSC05241.jpg 	Jahrelang ein Kampf um den Erhalt der Plansche (wie in der Weydemeyerstrasse).			
Plansche Singerstrasse	FabianAileen_DSC05217.jpg	Leider kann man hier sonst nicht soviel machen, ist ein Problem, dass so viele alte Leute hier wohnen.			
Plansche Singerstrasse	PlanscheSingerstrasse_DSC05241.jpg 	Leider kann man hier sonst nicht soviel machen, ist ein Problem, dass so viele alte Leute hier wohnen.			
Plansche Singerstrasse	Qualitaet_DSC05238.jpg	Leider kann man hier sonst nicht soviel machen, ist ein Problem, dass so viele alte Leute hier wohnen.			
Plansche Singerstrasse	ElenaNakova_DSC05224.jpg	Manchmal treffe ich andere Hundehalter ( Nachbarn)			
Plansche Singerstrasse	Nutzung_DCS05232.jpg	Manchmal treffe ich andere Hundehalter ( Nachbarn)			
Plansche Singerstrasse	PlanscheSingerstrasse_DSC05241.jpg 	Manchmal treffe ich andere Hundehalter ( Nachbarn)			
Plansche Singerstrasse	Name_DSC05225.jpg	Meik, Ömer, Erik			
Plansche Weydemeyerstr	DieterJacob_DSC05194.jpg	mit Enkeln			
Plansche Weydemeyerstr	Nutzer_DSC05208.jpg	mit Enkeln			
Plansche Weydemeyerstr	FamStern_DSC05201.jpg	mit Kindern v. 1-6 J.			
Plansche Weydemeyerstr	Nutzer_DSC05208.jpg	mit Kindern v. 1-6 J.			
Plansche Singerstrasse	PlanscheSingerstrasse_DSC05241.jpg 	Mögen das Wasser			
Plansche Singerstrasse	Qualitaet_DSC05238.jpg	Mögen das Wasser			
Plansche Singerstrasse	WurstWurstKetchup_DSC05219.jpg	Mögen das Wasser			
Plansche Singerstrasse	ElenaNakova_DSC05224.jpg	Morgens gegen 10:00 Abends gegen 21:00			
Plansche Singerstrasse	PlanscheSingerstrasse_DSC05241.jpg 	Morgens gegen 10:00 Abends gegen 21:00			
Plansche Singerstrasse	Zeit_DSC05228.jpg	Morgens gegen 10:00 Abends gegen 21:00			
Plansche Singerstrasse	ClaudiaN_DSC05222.jpg	Nutzung 1964 - 1972, jeden Tag bei schönem Wetter			
Plansche Singerstrasse	PlanscheSingerstrasse_DSC05241.jpg 	Nutzung 1964 - 1972, jeden Tag bei schönem Wetter			
Plansche Singerstrasse	Zeit_DSC05228.jpg	Nutzung 1964 - 1972, jeden Tag bei schönem Wetter			
Plansche Weydemeyerstr	DieterJacob_DSC05194.jpg	Nutzung 1988 -2006			
Plansche Weydemeyerstr	Zeit_DSC05205.jpg	Nutzung 1988 -2006			
Plansche Weydemeyerstr	anonym_DSC05200.jpg	Nutzung seit 1960-1980			
Plansche Weydemeyerstr	Zeit_DSC05205.jpg	Nutzung seit 1960-1980			
Plansche Singerstrasse	PlanscheSingerstrasse_DSC05241.jpg 	Nutzung seit 2009			
Plansche Singerstrasse	WurstWurstKetchup_DSC05219.jpg	Nutzung seit 2009			
Plansche Singerstrasse	Zeit_DSC05228.jpg	Nutzung seit 2009			
Plansche Singerstrasse	FabianAileen_DSC05217.jpg	Nutzung seit 2016			
Plansche Singerstrasse	PlanscheSingerstrasse_DSC05241.jpg 	Nutzung seit 2016			
Plansche Singerstrasse	Zeit_DSC05228.jpg	Nutzung seit 2016			
Plansche Weydemeyerstr	FamStern_DSC05201.jpg	Nutzung seit ca 2018						
Plansche Weydemeyerstr	Zeit_DSC05205.jpg	Nutzung seit ca 2018			
Plansche Singerstrasse	ClaudiaN_DSC05222.jpg	Ober- und unterhalb der KMA jeweils eigene Nachbarschaften.			
Plansche Singerstrasse	Historisch_DSC05235.jpg	Ober- und unterhalb der KMA jeweils eigene Nachbarschaften.			
Plansche Singerstrasse	PlanscheSingerstrasse_DSC05241.jpg 	Ober- und unterhalb der KMA jeweils eigene Nachbarschaften.			
Plansche Singerstrasse	ClaudiaN_DSC05222.jpg	Plansche “War unser Ort”.			
Plansche Singerstrasse	Historisch_DSC05235.jpg	Plansche “War unser Ort”.			
Plansche Singerstrasse	PlanscheSingerstrasse_DSC05241.jpg 	Plansche “War unser Ort”.			
Plansche Weydemeyerstr	DieterJacob_DSC05194.jpg	Rückzugsgebiet mit ganzen Familien			
Plansche Weydemeyerstr	Qualitaet_DSC05207.jpg	Rückzugsgebiet mit ganzen Familien			
Plansche Singerstrasse	ElenaNakova_DSC05224.jpg	seit ca 3 Jahren (2016) , fast jeden Tag			
Plansche Singerstrasse	PlanscheSingerstrasse_DSC05241.jpg 	seit ca 3 Jahren (2016) , fast jeden Tag			
Plansche Singerstrasse	Zeit_DSC05228.jpg	seit ca 3 Jahren (2016) , fast jeden Tag			
Plansche Singerstrasse	Nutzung_DCS05232.jpg	spielen Federball, Fußball, Wasserschlachten			
Plansche Singerstrasse	PlanscheSingerstrasse_DSC05241.jpg 	spielen Federball, Fußball, Wasserschlachten			
Plansche Singerstrasse	WurstWurstKetchup_DSC05219.jpg	spielen Federball, Fußball, Wasserschlachten			
Plansche Singerstrasse	ClaudiaN_DSC05222.jpg	Spielen, Treffen			
Plansche Singerstrasse	Nutzung_DCS05232.jpg	Spielen, Treffen			
Plansche Singerstrasse	PlanscheSingerstrasse_DSC05241.jpg 	Spielen, Treffen			
Plansche Weydemeyerstr	anonym_DSC05200.jpg	Struktur ist geblieben			
Plansche Weydemeyerstr	Historisch_DSC05209.jpg	Struktur ist geblieben			
Plansche Singerstrasse	Name_DSC05225.jpg	Tochter Jana			
Plansche Singerstrasse	ElenaNakova_DSC05224.jpg	Tochter Jana: “gehen nur hin wenn es heiss ist mit der Klasse.			
Plansche Singerstrasse	PlanscheSingerstrasse_DSC05241.jpg 	Tochter Jana: “gehen nur hin wenn es heiss ist mit der Klasse.			
Plansche Singerstrasse	Qualitaet_DSC05238.jpg	Tochter Jana: “gehen nur hin wenn es heiss ist mit der Klasse.			
Plansche Singerstrasse	Nutzung_DCS05232.jpg	Verabredung oft über Telefon.			
Plansche Singerstrasse	PlanscheSingerstrasse_DSC05241.jpg 	Verabredung oft über Telefon.			
Plansche Singerstrasse	WurstWurstKetchup_DSC05219.jpg	Verabredung oft über Telefon.			
Plansche Weydemeyerstr	anonym_DSC05200.jpg	Vergleich Plansche Singerstr "Hat sich nicht viel verändert"			
Plansche Weydemeyerstr	Historisch_DSC05209.jpg	Vergleich Plansche Singerstr "Hat sich nicht viel verändert"			
Plansche Weydemeyerstr	FamStern_DSC05201.jpg	versuchen Freunde zum Nachzug zu motivieren			
Plansche Weydemeyerstr	Historisch_DSC05209.jpg	versuchen Freunde zum Nachzug zu motivieren			
Plansche Weydemeyerstr	DieterJacob_DSC05194.jpg	viel Stammpublikum, Nachbarschaft 			
Plansche Weydemeyerstr	Nutzer_DSC05208.jpg	viel Stammpublikum, Nachbarschaft 			
Plansche Weydemeyerstr	FamStern_DSC05201.jpg	Vor einem Jahr zufällig entdeckt			
Plansche Weydemeyerstr	Historisch_DSC05209.jpg	Vor einem Jahr zufällig entdeckt			
Plansche Singerstrasse	PlanscheSingerstrasse_DSC05241.jpg 	Wasser ist in 15 Minuten Intervallen an, dann 10 min Pause.			
Plansche Singerstrasse	Qualitaet_DSC05238.jpg	Wasser ist in 15 Minuten Intervallen an, dann 10 min Pause.			
Plansche Singerstrasse	WurstWurstKetchup_DSC05219.jpg	Wasser ist in 15 Minuten Intervallen an, dann 10 min Pause.			
Plansche Singerstrasse	ClaudiaN_DSC05222.jpg	Wasser lief ab, blieb aber ca 20 cm hoch stehen.			
Plansche Singerstrasse	Historisch_DSC05235.jpg	Wasser lief ab, blieb aber ca 20 cm hoch stehen.			
Plansche Singerstrasse	PlanscheSingerstrasse_DSC05241.jpg 	Wasser lief ab, blieb aber ca 20 cm hoch stehen.			
Plansche Singerstrasse	FabianAileen_DSC05217.jpg	Wir spielen zu zweit Tischtennis.			
Plansche Singerstrasse	Nutzung_DCS05232.jpg	Wir spielen zu zweit Tischtennis.			
Plansche Singerstrasse	PlanscheSingerstrasse_DSC05241.jpg 	Wir spielen zu zweit Tischtennis.			
Plansche Singerstrasse	Nutzung_DCS05232.jpg	Wohnen alle in der Nähe, gehen zur “Gutmunds Grundschule”			
Plansche Singerstrasse	PlanscheSingerstrasse_DSC05241.jpg 	Wohnen alle in der Nähe, gehen zur “Gutmunds Grundschule”			
Plansche Singerstrasse	WurstWurstKetchup_DSC05219.jpg	Wohnen alle in der Nähe, gehen zur “Gutmunds Grundschule”			
Plansche Singerstrasse	Name_DSC05225.jpg	Wurst, Wurst, Ketchup			
Plansche Weydemeyerstr	FamStern_DSC05201.jpg	Zum ersten Mal im Osten wohnend			
Plansche Weydemeyerstr	Historisch_DSC05209.jpg	Zum ersten Mal im Osten wohnend			